{"FloatingActionButtonEnable":true,"FloatingActionMenuIcon":"kingdom_hearts_union_x_alt.png","DrawerWidth":300,"DrawerWidthCustom":true,"DrawerShowAvatar":true,"DrawerShowAccountInfo":true,"DrawerEnable":true,"DrawerHeaderBgAlpha":255,"DrawerHeaderBgBlur":0,"DrawerHeaderOverlay":"#00FFFFFF","DrawerListBgAlpha":255,"DrawerListBgBlur":0,"DrawerListOverlay":"#00FFFFFF","DrawerBackgroundWhole":true,"DrawerWholeAlpha":0,"DrawerWholeBgBlur":0,"DrawerWholeOverlay":"010101","DrawerNewMessageColor":"212121","DrawerList":{"items":[{"text":"二维码名片","order":0,"icon":"名片-72x72.png","type":"qrcode","action":"","colorizeIcon":false,"iconColor":"","enable":true},{"text":"扫一扫","order":1,"icon":"ic_扫一扫.png","type":"scan","action":"","colorizeIcon":false,"iconColor":"","enable":true},{"text":"收付款","order":2,"icon":"ic_收付款.png","type":"walletcoin","action":"","colorizeIcon":false,"iconColor":"","enable":true},{"text":"搜一搜","order":3,"icon":"ic_搜索.png","type":"ftssearch","action":"","colorizeIcon":false,"iconColor":"","enable":true},{"text":"视频号","order":4,"icon":"tab_icon2.png","type":"video_channels","action":"","colorizeIcon":false,"iconColor":"","enable":true},{"text":"小程序","order":5,"icon":"icon_mini.png","type":"appbrand","action":"","colorizeIcon":false,"iconColor":"","enable":true},{"text":"设置","order":6,"icon":"设置.png","type":"settings","action":"","colorizeIcon":false,"iconColor":"","enable":true},{"text":"切换账号","order":7,"icon":"ic_加好友.png","type":"switch_account","action":"","colorizeIcon":false,"iconColor":"","enable":true}]},"FloatingActionButton":{"items":[{"text":"微x","order":0,"icon":"ic_微X.png","type":"wexposed","action":"","colorizeIcon":false,"iconColor":"","enable":true},{"text":"切换账号","order":1,"icon":"ic_加好友.png","type":"switch_account","action":"","colorizeIcon":false,"iconColor":"","enable":true},{"text":"设置","order":2,"icon":"设置.png","type":"settings","action":"","colorizeIcon":false,"iconColor":"","enable":true},{"text":"极速切号","order":3,"icon":"54.png","type":"wx_fast_switch_account","action":"","colorizeIcon":false,"iconColor":"","enable":true},{"text":"扫一扫","order":5,"icon":"ic_扫一扫.png","type":"scan","action":"","colorizeIcon":false,"iconColor":"","enable":true}]},"FloatingActionMenuColor":"004A2C59","FloatingActionMenuTextColor":"FFFFFFFF","BottomTabIconWechatText":"聊天","BottomTabIconContactsText":"通讯录","BottomTabIconDiscoverText":"朋友圈","BottomTabIconMeText":"我","BottomTabIconReplaceTextEnable":true,"RightChatBubbleColor":"00FFFFFF","RightChatBubbleColorEnable":false,"LeftChatBubbleColor":"00FFFFFF","LeftChatBubbleColorEnable":false,"ChangeChatBubble":true,"DrawerCustomTopMargin":1,"DrawerCustomTopMarginEnable":false,"DrawerAccountInfoColor":"A2FFFF","MeFragmentBackgroundEnable":false,"MeFragmentBackground":[],"ChangeChatTextColor":true,"BottomTabIconColorEnable":false,"ChatFooterHintEnable":false,"ChatFooterHintArray":["KEJIYU"],"TabLayoutIconEnable":false,"TabLayoutIconColorFocus":"FF00FE00","BottomTabReplaceIconEnable":true,"ChatTextColorRight":"FDFDFD","ChatTextColorLeft":"FFFFFF","DrawerAutoClose":false,"MeFragmentBackgroundColorEnable":false,"DrawerItemViewHighlightTextColor":"34FFFF","DrawerItemViewTitleColor":"00FFFF","MeFragmentBackgroundColor":"020202","RecentChatFloatingActionButtonEnable":false,"RecentChatFloatingActionMenuMax":13,"RecentChatFloatingActionMenuIcon":"vip2.png","RecentChatFloatingActionButtonStartLeft":false,"RecentChatFloatingActionMenuExcludeChatrooms":false,"RecentChatFloatingActionMenuMoveEnable":false,"RecentChatFloatingActionMenuShowLabelOnRight":false,"RecentChatFloatingActionMenuColor":"00000000","RecentChatFloatingActionMenuTextColor":"24FFFF","DrawerBackgroundColor":"000000","MainFragmentBackgroundEnable":false,"MainFragmentBackground":[]}