{"version":2,"module":"wechatxposed","wxdata":[{"t":"xv_verifier6_time","v":"JPjOhnBuMzLwC9PV0zXyPQ==","x":"STRING"},{"t":"red_packet_comp","v":"qIV+1vubyuQLf5EmH5rGAw==","x":"BOOLEAN"},{"t":"rpc_mode","v":"UcxRp5ElkKcHnzCgB+ONrQ==","x":"INT"},{"t":"disclaimer_disable","v":"qIV+1vubyuQLf5EmH5rGAw==","x":"BOOLEAN"},{"t":"is_new_user","v":"5xrJQSlIeY\/yuH3Y\/xyGrg==","x":"INT"},{"t":"scan_zombie_method","v":"UcxRp5ElkKcHnzCgB+ONrQ==","x":"INT"},{"t":"pay_update_check","v":"teCEZfuo8QTfvZwDao55PA==","x":"BOOLEAN"},{"t":"latest_param","v":"6CabupaJODiW8SkbVePhZg==","x":"STRING"},{"t":"web_notice","v":"JPjOhnBuMzLwC9PV0zXyPQ==","x":"STRING"},{"t":"permaban","v":"teCEZfuo8QTfvZwDao55PA==","x":"BOOLEAN"},{"t":"app_check","v":"qIV+1vubyuQLf5EmH5rGAw==","x":"BOOLEAN"},{"t":"donate_priority_warning","v":"teCEZfuo8QTfvZwDao55PA==","x":"BOOLEAN"},{"t":"not_supported","v":"JPjOhnBuMzLwC9PV0zXyPQ==","x":"STRING"},{"t":"wxExclApp","v":"JPjOhnBuMzLwC9PV0zXyPQ==","x":"STRING"},{"t":"random_fail","v":"teCEZfuo8QTfvZwDao55PA==","x":"BOOLEAN"},{"t":"lspatch_int_pay","v":"teCEZfuo8QTfvZwDao55PA==","x":"BOOLEAN"},{"t":"LatestVersions","v":"ozKs8rnDELaJZu9ATDzrD3CJCRm8siRwalYudL29qkwMPHOMbssmT02y2Uw\/KfpfO9XXn3sR0J94DQ\/hEdKXN8PPNRGDpPRS\/wiTvCjmitOGWDOdB2gXAEnLty0qy7mcLusuzm2wW97X2Gu9dXbCwYQUlEUd+qCaflCABWTHYL+sUblR5VWCaXNtHO4tvj6YxzrK9rqrDozTnn15FD6bOuk2JeiC0Y6HVfl8f\/9vEb5fqLLFTX\/sFGQAjm9ZZ+0ciGgop5BczTYGmFjwrds6bBWzpBmAfvHkiY5jQFVjx+KyZw2ZQ4kSPM2jOz\/6yN9\/","x":"JSON"},{"t":"disable_features","v":"JPjOhnBuMzLwC9PV0zXyPQ==","x":"STRING"},{"t":"disable_settings","v":"teCEZfuo8QTfvZwDao55PA==","x":"BOOLEAN"},{"t":"usePlusMenu","v":"teCEZfuo8QTfvZwDao55PA==","x":"BOOLEAN"},{"t":"hideInfoOptions","v":"qIV+1vubyuQLf5EmH5rGAw==","x":"BOOLEAN"},{"t":"send_raw_image","v":"qIV+1vubyuQLf5EmH5rGAw==","x":"BOOLEAN"},{"t":"grab_red_packet_master_enable","v":"qIV+1vubyuQLf5EmH5rGAw==","x":"BOOLEAN"},{"t":"grab_red_packet_exclude","v":"ylK\/2+cWxRWUoHZihUCR+3P1yCnAdohBFA5lVBoJVKlQDxbsbgFhUfdBSUDSWRb\/amWiprh27Ye2pGfd07a51eidpSEARn9V5iDJVyhGWxoedbiq4674YFdMAdMmMUPzSiTUW7Ufd6m\/VWMh+v6HmohNUj\/LSfmY+pcQ4xBnnKB7fOA28Sx8Iq4Iy8SGFv4ad6fOWmbGYgiJxtjheRbzYvLx34X+IDY\/ZpdX3M4oKR52oUk\/KNxhToqn5ucKte3K","x":"STRING"},{"t":"grab_red_packet_notself_enable","v":"qIV+1vubyuQLf5EmH5rGAw==","x":"BOOLEAN"},{"t":"grab_red_packet_notprivate_enable","v":"qIV+1vubyuQLf5EmH5rGAw==","x":"BOOLEAN"},{"t":"grab_red_packet_enable","v":"qIV+1vubyuQLf5EmH5rGAw==","x":"BOOLEAN"},{"t":"grab_red_packet_filter_notopen_enable","v":"qIV+1vubyuQLf5EmH5rGAw==","x":"BOOLEAN"},{"t":"grab_red_packet_filter_onlyopen_enable","v":"teCEZfuo8QTfvZwDao55PA==","x":"BOOLEAN"},{"t":"red_packet_filter_text","v":"YGqA1VJzy0vx4Umge7cfi+GJlKcAQS9FUIest0nqtk86liPDBguDfGXmU8KcyNM1jhK5CWs9tCfbAKFBhiNfUDj204EvFIjdeiA7n9CTmeU=","x":"STRING"},{"t":"grab_red_packet_delay_enable","v":"qIV+1vubyuQLf5EmH5rGAw==","x":"BOOLEAN"},{"t":"grab_red_packet_random_delay_enable","v":"qIV+1vubyuQLf5EmH5rGAw==","x":"BOOLEAN"},{"t":"grab_red_packet_rdelay_min","v":"qNsf5gYC7XmksrwymhYstA==","x":"INT"},{"t":"grab_red_packet_rdelay_max","v":"vACn5Vf6+u2SPx0v\/SjW8w==","x":"INT"},{"t":"rp_timeframe_enable","v":"qIV+1vubyuQLf5EmH5rGAw==","x":"BOOLEAN"},{"t":"rp_timeframe","v":"svyvrsQU\/gcnMjYdRGJssQ==","x":"STRING"},{"t":"rp_notification_type","v":"UcxRp5ElkKcHnzCgB+ONrQ==","x":"INT"},{"t":"red_packet_notification_enable","v":"qIV+1vubyuQLf5EmH5rGAw==","x":"BOOLEAN"},{"t":"nickname_change_notif_enable","v":"qIV+1vubyuQLf5EmH5rGAw==","x":"BOOLEAN"},{"t":"exit_room_notice_enable","v":"qIV+1vubyuQLf5EmH5rGAw==","x":"BOOLEAN"},{"t":"show_chatroom_mod_label","v":"qIV+1vubyuQLf5EmH5rGAw==","x":"BOOLEAN"},{"t":"auto_transcribe_mode_enable","v":"qIV+1vubyuQLf5EmH5rGAw==","x":"BOOLEAN"},{"t":"show_moment_deleted_tag","v":"teCEZfuo8QTfvZwDao55PA==","x":"BOOLEAN"},{"t":"show_comment_deleted_tag","v":"teCEZfuo8QTfvZwDao55PA==","x":"BOOLEAN"},{"t":"custom_dice_enable","v":"qIV+1vubyuQLf5EmH5rGAw==","x":"BOOLEAN"},{"t":"auto_close_bindmobile","v":"teCEZfuo8QTfvZwDao55PA==","x":"BOOLEAN"},{"t":"prevent_update_enable","v":"qIV+1vubyuQLf5EmH5rGAw==","x":"BOOLEAN"},{"t":"BizConversationUI_enable","v":"teCEZfuo8QTfvZwDao55PA==","x":"BOOLEAN"},{"t":"disable_wechat_ads_enable","v":"qIV+1vubyuQLf5EmH5rGAw==","x":"BOOLEAN"},{"t":"autoupdate_enable","v":"qIV+1vubyuQLf5EmH5rGAw==","x":"BOOLEAN"},{"t":"hookFail","v":"teCEZfuo8QTfvZwDao55PA==","x":"BOOLEAN"},{"t":"FP_cls_themes","v":"JPjOhnBuMzLwC9PV0zXyPQ==","x":"STRING"},{"t":"FPVersions_v7","v":"Z47aPGaaa9fZDGjQeeoS\/DHroxSixkjPzLrjNR7TqRcN1SnDUG\/ii5S4YCh15nf4","x":"JSON"},{"t":"FP_cls_base","v":"JPjOhnBuMzLwC9PV0zXyPQ==","x":"STRING"},{"t":"FP_cls_donation","v":"JPjOhnBuMzLwC9PV0zXyPQ==","x":"STRING"},{"t":"wx_chatroom_containers","v":"JPjOhnBuMzLwC9PV0zXyPQ==","x":"STRING"},{"t":"disable_safemode","v":"teCEZfuo8QTfvZwDao55PA==","x":"BOOLEAN"},{"t":"settings_next_new_dialog","v":"qIV+1vubyuQLf5EmH5rGAw==","x":"BOOLEAN"},{"t":"preftext_disable_arrow","v":"teCEZfuo8QTfvZwDao55PA==","x":"BOOLEAN"},{"t":"rp_missed_text","v":"Zo9sIdlAbVJkE177+tvsTA==","x":"STRING"},{"t":"show_time_centered","v":"qIV+1vubyuQLf5EmH5rGAw==","x":"BOOLEAN"},{"t":"disable_settings_search","v":"teCEZfuo8QTfvZwDao55PA==","x":"BOOLEAN"},{"t":"show_mark_read_enable","v":"teCEZfuo8QTfvZwDao55PA==","x":"BOOLEAN"},{"t":"mass_remove_stickytop_shortcut","v":"teCEZfuo8QTfvZwDao55PA==","x":"BOOLEAN"},{"t":"mass_delete_msg_shortcut","v":"teCEZfuo8QTfvZwDao55PA==","x":"BOOLEAN"},{"t":"hidden_chat_menu_items_enable","v":"teCEZfuo8QTfvZwDao55PA==","x":"BOOLEAN"},{"t":"mass_announce_shortcut","v":"teCEZfuo8QTfvZwDao55PA==","x":"BOOLEAN"},{"t":"wx_settings_name","v":"fKbgDyj+Tv3JVj6mK7kNKQ==","x":"STRING"},{"t":"themes_enable","v":"teCEZfuo8QTfvZwDao55PA==","x":"BOOLEAN"},{"t":"current_theme","v":"fpPEg4LnxVOeOrwBjnl9wQ==","x":"STRING"},{"t":"chatroom_tags","v":"teCEZfuo8QTfvZwDao55PA==","x":"BOOLEAN"},{"t":"auto_label_zombies","v":"qIV+1vubyuQLf5EmH5rGAw==","x":"BOOLEAN"},{"t":"zombie_excl_list","v":"JPjOhnBuMzLwC9PV0zXyPQ==","x":"STRING"},{"t":"detect_zombie_type","v":"hIKz3A1sEvutIU8x70ZD8u6JMwDJsPrseiDOqjaY2Mo=","x":"STRING"},{"t":"zombie_notif_enable","v":"qIV+1vubyuQLf5EmH5rGAw==","x":"BOOLEAN"},{"t":"show_view_id","v":"qIV+1vubyuQLf5EmH5rGAw==","x":"BOOLEAN"},{"t":"enable_block_snsad","v":"qIV+1vubyuQLf5EmH5rGAw==","x":"BOOLEAN"},{"t":"invite_member_shortcut_enable","v":"qIV+1vubyuQLf5EmH5rGAw==","x":"BOOLEAN"},{"t":"chatrobot","v":"LSCHW1\/lIax2OKw2EabvYg==","x":"INT"},{"t":"chatrobot_type","v":"h5puBqpqhLHK5GtETqiuQg==","x":"STRING"},{"t":"openaiAPI","v":"9V\/Dorla9ZHiZiqkj4thauzMf47btTeN1r0Iadk7kVbU1JVMDm2Sga2VwhnU7ZBhf2FdQET1vfQN2IMGd4Pkpg==","x":"STRING"},{"t":"openai_alt_api","v":"0n44MRZLRHjD+LbPNHbtHCb0pLMSh0CIwO9iYtfLZWbg1ZocnG3wU1bln8RFGSvX","x":"STRING"},{"t":"openai_model","v":"4h50BZEp508B+aFylbI6+E8LHx3mwC4zfvL3cGdeCa59DJzpTGn6BDG+DHMZJCuO","x":"STRING"},{"t":"robot_keyword","v":"yqXE6NjtNr+\/2YHy61Hceg==","x":"STRING"},{"t":"_ANY__use_turingrobot","v":"qIV+1vubyuQLf5EmH5rGAw==","x":"BOOLEAN"},{"t":"robot_keyword_enable","v":"qIV+1vubyuQLf5EmH5rGAw==","x":"BOOLEAN"},{"t":"autoreply_master_enable","v":"teCEZfuo8QTfvZwDao55PA==","x":"BOOLEAN"},{"t":"autoreply_enable","v":"teCEZfuo8QTfvZwDao55PA==","x":"BOOLEAN"},{"t":"autoreply_exclude_usernames","v":"JPjOhnBuMzLwC9PV0zXyPQ==","x":"STRING"},{"t":"autoreply_only_at","v":"teCEZfuo8QTfvZwDao55PA==","x":"BOOLEAN"}],"chatroom_mod":[],"chatroom_tag":[{"t":"群发","c":"10849154588@chatroom,53475127033@chatroom,58156287869@chatroom,23294096919@chatroom,38705041090@chatroom,17513663436@chatroom,18102665450@chatroom,38836388133@chatroom,24632991025@chatroom,23993215176@chatroom,25694711226@chatroom,38869464693@chatroom,18166464543@chatroom,48822741555@chatroom,24729390386@chatroom,52728637720@chatroom,25313764374@chatroom,25598634167@chatroom,23831696459@chatroom,25537606589@chatroom,35012706554@chatroom,38786743346@chatroom,21282487954@chatroom,17652256482@chatroom,19262763203@chatroom,48074984145@chatroom,48666753364@chatroom,43663714019@chatroom,57487494557@chatroom,21638632431@chatroom,19822361794@chatroom,23327196814@chatroom,18207161147@chatroom,21258519660@chatroom,18598260827@chatroom,21164541273@chatroom,51904637083@chatroom"}],"chatroom_msg":[{"chatroom":"44241513797@chatroom","username":"_INVITE_COUNT_","time":0,"msg":"wxid_t9bk44cjrlmv22","count":1},{"chatroom":"20429763247@chatroom","username":"_INVITE_COUNT_","time":0,"msg":"wxid_cnsq9tavpxrb22","count":1},{"chatroom":"22468629658@chatroom","username":"_INVITE_COUNT_","time":0,"msg":"wxid_2740287403314","count":1},{"chatroom":"18166464543@chatroom","username":"_INVITE_COUNT_","time":0,"msg":"wxid_qiys66o7mt9u22","count":1},{"chatroom":"47523280942@chatroom","username":"_INVITE_COUNT_","time":0,"msg":"wxid_d27zk2xnsr2s12","count":1},{"chatroom":"48255455277@chatroom","username":"_INVITE_COUNT_","time":0,"msg":"wxid_lb5dmeatmdzg12","count":1},{"chatroom":"23615533257@chatroom","username":"_INVITE_COUNT_","time":0,"msg":"wxid_e66e8xmxh26j21","count":1},{"chatroom":"44612496436@chatroom","username":"_INVITE_COUNT_","time":0,"msg":"wxid_frvl98h0gpod21","count":1},{"chatroom":"22744426801@chatroom","username":"_INVITE_COUNT_","time":0,"msg":"wxid_3pz2t5ctn27212","count":1},{"chatroom":"44359397884@chatroom","username":"_INVITE_COUNT_","time":0,"msg":"wxid_c4jlavtezbaq22","count":1},{"chatroom":"44120594807@chatroom","username":"_INVITE_COUNT_","time":0,"msg":"wxid_ev4txoa8f2mm22","count":1},{"chatroom":"43726405054@chatroom","username":"_INVITE_COUNT_","time":0,"msg":"wxid_dtxigdmo3zyk12","count":2},{"chatroom":"19262763203@chatroom","username":"_INVITE_COUNT_","time":0,"msg":"jkl606168","count":1},{"chatroom":"24850494897@chatroom","username":"_INVITE_COUNT_","time":0,"msg":"wxid_l6g6ei3lb59u12","count":2},{"chatroom":"48023463186@chatroom","username":"_INVITE_COUNT_","time":0,"msg":"wxid_3cbt3w5xsnlw21","count":1},{"chatroom":"49126667054@chatroom","username":"_INVITE_COUNT_","time":0,"msg":"wxid_3dwklcnpmh1w22","count":1},{"chatroom":"25357580943@chatroom","username":"_INVITE_COUNT_","time":0,"msg":"songxiangrong","count":1},{"chatroom":"47650882511@chatroom","username":"_INVITE_COUNT_","time":0,"msg":"yangy88991","count":6},{"chatroom":"39064469381@chatroom","username":"_INVITE_COUNT_","time":0,"msg":"wxid_1vyh5jaumh0n21","count":1},{"chatroom":"20493416984@chatroom","username":"_INVITE_COUNT_","time":0,"msg":"wxid_lkiwmco047mi22","count":1},{"chatroom":"20673951102@chatroom","username":"_INVITE_COUNT_","time":0,"msg":"wxid_lx0s4g16gb2v22","count":1},{"chatroom":"25537606589@chatroom","username":"_INVITE_COUNT_","time":0,"msg":"wxid_z32hbhg12ml912","count":1},{"chatroom":"18878448024@chatroom","username":"_INVITE_COUNT_","time":0,"msg":"wxid_621b82lswp8e22","count":1},{"chatroom":"19853763823@chatroom","username":"_INVITE_COUNT_","time":0,"msg":"wxid_lx84g954os5g22","count":1},{"chatroom":"45364586829@chatroom","username":"_INVITE_COUNT_","time":0,"msg":"wxid_pc3mfn6t2pxu19","count":1},{"chatroom":"17670365954@chatroom","username":"_INVITE_COUNT_","time":0,"msg":"wxid_n5mu2p4ljta322","count":1},{"chatroom":"48822741555@chatroom","username":"_INVITE_COUNT_","time":0,"msg":"wxid_yl9aweb95jm812","count":1},{"chatroom":"22290623933@chatroom","username":"_INVITE_COUNT_","time":0,"msg":"wxid_odd6e18heqa612","count":1},{"chatroom":"35006274932@chatroom","username":"_INVITE_COUNT_","time":0,"msg":"wxid_fx7e6j7ikxkt22","count":1},{"chatroom":"17513663436@chatroom","username":"_INVITE_COUNT_","time":0,"msg":"wxid_jpr2dmy5m6zt22","count":1},{"chatroom":"45228201648@chatroom","username":"_INVITE_COUNT_","time":0,"msg":"wxid_nml9mdqeswjk22","count":3},{"chatroom":"17839441818@chatroom","username":"_INVITE_COUNT_","time":0,"msg":"wxid_a28bjv8d47ie22","count":3},{"chatroom":"25273820181@chatroom","username":"_INVITE_COUNT_","time":0,"msg":"xiangjing379946","count":1},{"chatroom":"24448553890@chatroom","username":"_INVITE_COUNT_","time":0,"msg":"wxid_boa1dnrn1iod22","count":1},{"chatroom":"18361831384@chatroom","username":"_INVITE_COUNT_","time":0,"msg":"wxid_fe9dzm6f10mm22","count":1},{"chatroom":"38904384898@chatroom","username":"_INVITE_COUNT_","time":0,"msg":"wxid_h84zbz078b5q21","count":1},{"chatroom":"20607587084@chatroom","username":"_INVITE_COUNT_","time":0,"msg":"wxid_8hr22mm6edtk22","count":1},{"chatroom":"49582470795@chatroom","username":"_INVITE_COUNT_","time":0,"msg":"wxid_49d369uht3e422","count":3},{"chatroom":"25313764374@chatroom","username":"_INVITE_COUNT_","time":0,"msg":"wxid_5zgryl65myxn22","count":2},{"chatroom":"24632991025@chatroom","username":"_INVITE_COUNT_","time":0,"msg":"wxid_nrta38ku2ivm21","count":1},{"chatroom":"38885053086@chatroom","username":"_INVITE_COUNT_","time":0,"msg":"wxid_5ofzlay1k8bz22","count":1},{"chatroom":"18598260827@chatroom","username":"_INVITE_COUNT_","time":0,"msg":"wxid_pwl18u5dqgp622","count":1},{"chatroom":"38895721743@chatroom","username":"_INVITE_COUNT_","time":0,"msg":"wxid_mg2od3shpp2s22","count":1},{"chatroom":"24729390386@chatroom","username":"_INVITE_COUNT_","time":0,"msg":"wxid_rrjaf4pzg94k22","count":1},{"chatroom":"22132229902@chatroom","username":"_INVITE_COUNT_","time":0,"msg":"wxid_r81mpfwc8p3b22","count":1},{"chatroom":"18102665450@chatroom","username":"_INVITE_COUNT_","time":0,"msg":"wxid_ktltwtvhpobf22","count":1},{"chatroom":"20531535528@chatroom","username":"_INVITE_COUNT_","time":0,"msg":"wxid_ww4z825lzbhi12","count":1},{"chatroom":"19946729901@chatroom","username":"_INVITE_COUNT_","time":0,"msg":"wxid_l3neh5lr2ay712","count":1},{"chatroom":"38741845274@chatroom","username":"_INVITE_COUNT_","time":0,"msg":"wxid_mhf8nv3mreen31","count":1},{"chatroom":"43184312896@chatroom","username":"_INVITE_COUNT_","time":0,"msg":"wxid_7u9l2bx8jwhi22","count":2},{"chatroom":"19421864880@chatroom","username":"_INVITE_COUNT_","time":0,"msg":"huang5201sd","count":1},{"chatroom":"20810398607@chatroom","username":"_INVITE_COUNT_","time":0,"msg":"wxid_n18ajovwv5gj22","count":1},{"chatroom":"21164541273@chatroom","username":"_INVITE_COUNT_","time":0,"msg":"wxid_ezvxzeol6wz922","count":1},{"chatroom":"48170883904@chatroom","username":"_INVITE_COUNT_","time":0,"msg":"liudehua5799","count":1},{"chatroom":"39323316539@chatroom","username":"_INVITE_COUNT_","time":0,"msg":"wxid_3co2d8qjt0m222","count":1},{"chatroom":"48950264442@chatroom","username":"_INVITE_COUNT_","time":0,"msg":"jujishou942750","count":1},{"chatroom":"20232819586@chatroom","username":"_INVITE_COUNT_","time":0,"msg":"wxid_r8mqraygulud22","count":1},{"chatroom":"39226614807@chatroom","username":"_INVITE_COUNT_","time":0,"msg":"wxid_r539b23n6a2i21","count":1},{"chatroom":"44241513797@chatroom","username":"_INVITE_COUNT_","time":0,"msg":"wxid_14rjocmf3joq22","count":1},{"chatroom":"20429763247@chatroom","username":"_INVITE_COUNT_","time":0,"msg":"wxid_cnsq9tavpxrb22","count":1},{"chatroom":"22468629658@chatroom","username":"_INVITE_COUNT_","time":0,"msg":"wxid_2740287403314","count":1},{"chatroom":"18166464543@chatroom","username":"_INVITE_COUNT_","time":0,"msg":"wxid_qiys66o7mt9u22","count":1},{"chatroom":"47523280942@chatroom","username":"_INVITE_COUNT_","time":0,"msg":"wxid_d27zk2xnsr2s12","count":1},{"chatroom":"48255455277@chatroom","username":"_INVITE_COUNT_","time":0,"msg":"wxid_8995369953812","count":1},{"chatroom":"23615533257@chatroom","username":"_INVITE_COUNT_","time":0,"msg":"wxid_e66e8xmxh26j21","count":1},{"chatroom":"44612496436@chatroom","username":"_INVITE_COUNT_","time":0,"msg":"wxid_frvl98h0gpod21","count":1},{"chatroom":"22744426801@chatroom","username":"_INVITE_COUNT_","time":0,"msg":"wxid_3pz2t5ctn27212","count":1},{"chatroom":"44359397884@chatroom","username":"_INVITE_COUNT_","time":0,"msg":"wxid_02ecn0wcbtxe22","count":1},{"chatroom":"44120594807@chatroom","username":"_INVITE_COUNT_","time":0,"msg":"wxid_ev4txoa8f2mm22","count":1},{"chatroom":"43726405054@chatroom","username":"_INVITE_COUNT_","time":0,"msg":"wxid_dtxigdmo3zyk12","count":2},{"chatroom":"19262763203@chatroom","username":"_INVITE_COUNT_","time":0,"msg":"wxid_1a9l3okep2ag22","count":1},{"chatroom":"24850494897@chatroom","username":"_INVITE_COUNT_","time":0,"msg":"wxid_l6g6ei3lb59u12","count":2},{"chatroom":"48023463186@chatroom","username":"_INVITE_COUNT_","time":0,"msg":"wxid_3cbt3w5xsnlw21","count":1},{"chatroom":"49126667054@chatroom","username":"_INVITE_COUNT_","time":0,"msg":"wxid_3dwklcnpmh1w22","count":1},{"chatroom":"25357580943@chatroom","username":"_INVITE_COUNT_","time":0,"msg":"songxiangrong","count":1},{"chatroom":"47650882511@chatroom","username":"_INVITE_COUNT_","time":0,"msg":"yangy88991","count":6},{"chatroom":"39064469381@chatroom","username":"_INVITE_COUNT_","time":0,"msg":"wxid_1vyh5jaumh0n21","count":1},{"chatroom":"20493416984@chatroom","username":"_INVITE_COUNT_","time":0,"msg":"wxid_lkiwmco047mi22","count":1},{"chatroom":"20673951102@chatroom","username":"_INVITE_COUNT_","time":0,"msg":"wxid_lx0s4g16gb2v22","count":1},{"chatroom":"25537606589@chatroom","username":"_INVITE_COUNT_","time":0,"msg":"wxid_1klm2iepo5hs22","count":1},{"chatroom":"18878448024@chatroom","username":"_INVITE_COUNT_","time":0,"msg":"wxid_621b82lswp8e22","count":1},{"chatroom":"19853763823@chatroom","username":"_INVITE_COUNT_","time":0,"msg":"wxid_lx84g954os5g22","count":1},{"chatroom":"45364586829@chatroom","username":"_INVITE_COUNT_","time":0,"msg":"wxid_pc3mfn6t2pxu19","count":1},{"chatroom":"17670365954@chatroom","username":"_INVITE_COUNT_","time":0,"msg":"wxid_kgo9uqo8lf7522","count":1},{"chatroom":"48822741555@chatroom","username":"_INVITE_COUNT_","time":0,"msg":"wxid_yl9aweb95jm812","count":1},{"chatroom":"22290623933@chatroom","username":"_INVITE_COUNT_","time":0,"msg":"wxid_odd6e18heqa612","count":1},{"chatroom":"35006274932@chatroom","username":"_INVITE_COUNT_","time":0,"msg":"wxid_fx7e6j7ikxkt22","count":1},{"chatroom":"17513663436@chatroom","username":"_INVITE_COUNT_","time":0,"msg":"wxid_jpr2dmy5m6zt22","count":1},{"chatroom":"45228201648@chatroom","username":"_INVITE_COUNT_","time":0,"msg":"wxid_nml9mdqeswjk22","count":3},{"chatroom":"17839441818@chatroom","username":"_INVITE_COUNT_","time":0,"msg":"wxid_8hhb33pf1nf022","count":1},{"chatroom":"25273820181@chatroom","username":"_INVITE_COUNT_","time":0,"msg":"xiangjing379946","count":1},{"chatroom":"24448553890@chatroom","username":"_INVITE_COUNT_","time":0,"msg":"wxid_t5ggblno4v9722","count":1},{"chatroom":"18361831384@chatroom","username":"_INVITE_COUNT_","time":0,"msg":"wxid_fe9dzm6f10mm22","count":1},{"chatroom":"38904384898@chatroom","username":"_INVITE_COUNT_","time":0,"msg":"wxid_h84zbz078b5q21","count":1},{"chatroom":"20607587084@chatroom","username":"_INVITE_COUNT_","time":0,"msg":"wxid_8hr22mm6edtk22","count":1},{"chatroom":"49582470795@chatroom","username":"_INVITE_COUNT_","time":0,"msg":"wxid_2ydjfhf1sqpw21","count":1},{"chatroom":"25313764374@chatroom","username":"_INVITE_COUNT_","time":0,"msg":"wxid_qxrfn1hmezgz22","count":1},{"chatroom":"24632991025@chatroom","username":"_INVITE_COUNT_","time":0,"msg":"wxid_k6ftdxj0ecwl21","count":1},{"chatroom":"38885053086@chatroom","username":"_INVITE_COUNT_","time":0,"msg":"wxid_h1s3yqdvridr22","count":1},{"chatroom":"18598260827@chatroom","username":"_INVITE_COUNT_","time":0,"msg":"wxid_qrjes0pbl1vt22","count":1},{"chatroom":"38895721743@chatroom","username":"_INVITE_COUNT_","time":0,"msg":"wxid_mg2od3shpp2s22","count":1},{"chatroom":"24729390386@chatroom","username":"_INVITE_COUNT_","time":0,"msg":"wxid_736i8vt5tzvl12","count":1},{"chatroom":"22132229902@chatroom","username":"_INVITE_COUNT_","time":0,"msg":"wxid_uee3x7kdlmaq22","count":1},{"chatroom":"18102665450@chatroom","username":"_INVITE_COUNT_","time":0,"msg":"wxid_ktltwtvhpobf22","count":1},{"chatroom":"20531535528@chatroom","username":"_INVITE_COUNT_","time":0,"msg":"wxid_ww4z825lzbhi12","count":1},{"chatroom":"19946729901@chatroom","username":"_INVITE_COUNT_","time":0,"msg":"wxid_s2auuiqkgf3812","count":1},{"chatroom":"38741845274@chatroom","username":"_INVITE_COUNT_","time":0,"msg":"wxid_mhf8nv3mreen31","count":1},{"chatroom":"43184312896@chatroom","username":"_INVITE_COUNT_","time":0,"msg":"wxid_7u9l2bx8jwhi22","count":2},{"chatroom":"19421864880@chatroom","username":"_INVITE_COUNT_","time":0,"msg":"huang5201sd","count":1},{"chatroom":"20810398607@chatroom","username":"_INVITE_COUNT_","time":0,"msg":"wxid_juj84hu5xwvi22","count":1},{"chatroom":"21164541273@chatroom","username":"_INVITE_COUNT_","time":0,"msg":"wxid_6kwc7f8topi722","count":1},{"chatroom":"48170883904@chatroom","username":"_INVITE_COUNT_","time":0,"msg":"liudehua5799","count":1},{"chatroom":"39323316539@chatroom","username":"_INVITE_COUNT_","time":0,"msg":"wxid_h9f27uennaa022","count":1},{"chatroom":"48950264442@chatroom","username":"_INVITE_COUNT_","time":0,"msg":"jujishou942750","count":1},{"chatroom":"20232819586@chatroom","username":"_INVITE_COUNT_","time":0,"msg":"wxid_jsh9cjdzqexb22","count":1},{"chatroom":"39226614807@chatroom","username":"_INVITE_COUNT_","time":0,"msg":"wxid_r539b23n6a2i21","count":1},{"chatroom":"20704017634@chatroom","username":"_INVITE_COUNT_","time":0,"msg":"wxid_5jjf7uv39pyk52","count":1},{"chatroom":"34383312256@chatroom","username":"_INVITE_COUNT_","time":0,"msg":"wxid_raqeva67uyie22","count":10},{"chatroom":"49735751735@chatroom","username":"_INVITE_COUNT_","time":0,"msg":"wxid_k9c6mb4ap2pj22","count":2},{"chatroom":"19563568976@chatroom","username":"_INVITE_COUNT_","time":0,"msg":"wxid_eht1i1v6gra622","count":2},{"chatroom":"24551513166@chatroom","username":"_INVITE_COUNT_","time":0,"msg":"wxid_iv2ruq6z5bhf12","count":1},{"chatroom":"43663714019@chatroom","username":"_INVITE_COUNT_","time":0,"msg":"wxid_u5cnp581vooa22","count":1},{"chatroom":"38786743346@chatroom","username":"_INVITE_COUNT_","time":0,"msg":"qiuchunping","count":6},{"chatroom":"43075484097@chatroom","username":"_INVITE_COUNT_","time":0,"msg":"wxid_m5gp3b04a4sb22","count":1},{"chatroom":"21228999453@chatroom","username":"_INVITE_COUNT_","time":0,"msg":"wxid_l3neh5lr2ay712","count":1},{"chatroom":"49812343233@chatroom","username":"_INVITE_COUNT_","time":0,"msg":"wxid_1v1x8ikxymeu22","count":2},{"chatroom":"34594186035@chatroom","username":"_INVITE_COUNT_","time":0,"msg":"wxid_t4k5lfy4cpgp22","count":1},{"chatroom":"23098347025@chatroom","username":"_INVITE_COUNT_","time":0,"msg":"wxid_isxhlehtp9bt12","count":1},{"chatroom":"21069140328@chatroom","username":"_INVITE_COUNT_","time":0,"msg":"wxid_ev4txoa8f2mm22","count":2},{"chatroom":"39195786578@chatroom","username":"_INVITE_COUNT_","time":0,"msg":"wxid_hj105af0599722","count":1},{"chatroom":"38836388133@chatroom","username":"_INVITE_COUNT_","time":0,"msg":"wxid_4t2aznpu192f22","count":1},{"chatroom":"48108973358@chatroom","username":"_INVITE_COUNT_","time":0,"msg":"wxid_z4us8jx494d821","count":1},{"chatroom":"5356073662@chatroom","username":"_INVITE_COUNT_","time":0,"msg":"wxid_5iaqnu3f2k6m21","count":3},{"chatroom":"48231484842@chatroom","username":"_INVITE_COUNT_","time":0,"msg":"wxid_0j0lrqjnwy0331","count":2},{"chatroom":"34890509957@chatroom","username":"_INVITE_COUNT_","time":0,"msg":"jinzhouwoaini123","count":1},{"chatroom":"12687145782@chatroom","username":"_INVITE_COUNT_","time":0,"msg":"wxid_rrjaf4pzg94k22","count":1},{"chatroom":"20174430752@chatroom","username":"_INVITE_COUNT_","time":0,"msg":"wxid_lfq54sxgd8fk22","count":1},{"chatroom":"44180987582@chatroom","username":"_INVITE_COUNT_","time":0,"msg":"wxid_4ddsat4vecil22","count":1},{"chatroom":"23235902470@chatroom","username":"_INVITE_COUNT_","time":0,"msg":"wxid_91rl5x3u72tr29","count":1},{"chatroom":"22738317018@chatroom","username":"_INVITE_COUNT_","time":0,"msg":"wxid_oz64o0ycnixh22","count":1},{"chatroom":"24205400496@chatroom","username":"_INVITE_COUNT_","time":0,"msg":"wxid_ul0qqwtsbi6921","count":1},{"chatroom":"24082771633@chatroom","username":"_INVITE_COUNT_","time":0,"msg":"wxid_0e7a4xzzvnaq12","count":1},{"chatroom":"20008441245@chatroom","username":"_INVITE_COUNT_","time":0,"msg":"wxid_rkht2c5m977c29","count":1},{"chatroom":"20324632642@chatroom","username":"_INVITE_COUNT_","time":0,"msg":"wxid_isajjr8hs1sy22","count":3},{"chatroom":"24099277159@chatroom","username":"_INVITE_COUNT_","time":0,"msg":"wxid_hpuskt21e8zq51","count":1},{"chatroom":"22179634866@chatroom","username":"_INVITE_COUNT_","time":0,"msg":"wxid_5669856699412","count":1},{"chatroom":"18683942054@chatroom","username":"_INVITE_COUNT_","time":0,"msg":"wxid_sjs4ve2frf4722","count":1},{"chatroom":"6887637018@chatroom","username":"_INVITE_COUNT_","time":0,"msg":"wxid_nd4vb62nvvmv22","count":1},{"chatroom":"21436430310@chatroom","username":"_INVITE_COUNT_","time":0,"msg":"wxid_9pt5xcnkbox122","count":1},{"chatroom":"21638632431@chatroom","username":"_INVITE_COUNT_","time":0,"msg":"wxid_qcewejllnzry22","count":1},{"chatroom":"24224892514@chatroom","username":"_INVITE_COUNT_","time":0,"msg":"wxid_hyqd2sx2xwgi12","count":4},{"chatroom":"24555436082@chatroom","username":"_INVITE_COUNT_","time":0,"msg":"wxid_qza2ci727qzw12","count":1},{"chatroom":"21282487954@chatroom","username":"_INVITE_COUNT_","time":0,"msg":"wxid_1zq3pj2srrpj12","count":1},{"chatroom":"25694711226@chatroom","username":"_INVITE_COUNT_","time":0,"msg":"wxid_pdwr7v55vxfg12","count":1},{"chatroom":"21429916399@chatroom","username":"_INVITE_COUNT_","time":0,"msg":"wxid_tmzuzraabhtx22","count":1},{"chatroom":"50077662949@chatroom","username":"_INVITE_COUNT_","time":0,"msg":"wxid_kyxbi3mwhvlm21","count":1},{"chatroom":"22746434682@chatroom","username":"_INVITE_COUNT_","time":0,"msg":"wxid_3563585636312","count":2},{"chatroom":"48471269989@chatroom","username":"_INVITE_COUNT_","time":0,"msg":"yxl0326","count":2},{"chatroom":"45313784586@chatroom","username":"_INVITE_COUNT_","time":0,"msg":"wxid_hjzgfw3rq4a022","count":1},{"chatroom":"23778771231@chatroom","username":"_INVITE_COUNT_","time":0,"msg":"wxid_tcr8fsjlvjs129","count":1},{"chatroom":"42979981053@chatroom","username":"_INVITE_COUNT_","time":0,"msg":"wxid_4362753626911","count":1},{"chatroom":"22218429956@chatroom","username":"_INVITE_COUNT_","time":0,"msg":"wxid_gy0ze3355ex821","count":1},{"chatroom":"21675514986@chatroom","username":"_INVITE_COUNT_","time":0,"msg":"wxid_si5j354rifse22","count":2},{"chatroom":"38737823910@chatroom","username":"_INVITE_COUNT_","time":0,"msg":"wxid_56ffxf88anqf22","count":1},{"chatroom":"18207161147@chatroom","username":"_INVITE_COUNT_","time":0,"msg":"wxid_vhex4z73ze0a12","count":1},{"chatroom":"38705041090@chatroom","username":"_INVITE_COUNT_","time":0,"msg":"wxid_ilpk5ws1672c12","count":1},{"chatroom":"24861107040@chatroom","username":"_INVITE_COUNT_","time":0,"msg":"yxl0326","count":1},{"chatroom":"39346078256@chatroom","username":"_INVITE_COUNT_","time":0,"msg":"wxid_czr0cqvlo95g22","count":2},{"chatroom":"19761556689@chatroom","username":"_INVITE_COUNT_","time":0,"msg":"wxid_cmoy98ftgrug12","count":5},{"chatroom":"21526642665@chatroom","username":"_INVITE_COUNT_","time":0,"msg":"wunengdeni","count":1},{"chatroom":"23294096919@chatroom","username":"_INVITE_COUNT_","time":0,"msg":"wxid_593optd93x3r22","count":1},{"chatroom":"19484065736@chatroom","username":"_INVITE_COUNT_","time":0,"msg":"wxid_q8pqxi40kb7f22","count":1},{"chatroom":"17652256482@chatroom","username":"_INVITE_COUNT_","time":0,"msg":"wxid_6p8g8gtado8o22","count":1},{"chatroom":"17731658385@chatroom","username":"_INVITE_COUNT_","time":0,"msg":"wxid_hdnxalcbldqz12","count":1},{"chatroom":"23993215176@chatroom","username":"_INVITE_COUNT_","time":0,"msg":"wxid_qd3ol61rew5q22","count":1},{"chatroom":"49563766367@chatroom","username":"_INVITE_COUNT_","time":0,"msg":"wxid_y9ca3nudg6rv22","count":1},{"chatroom":"20956559269@chatroom","username":"_INVITE_COUNT_","time":0,"msg":"wxid_5jdeyqxncvea22","count":1},{"chatroom":"23964310264@chatroom","username":"_INVITE_COUNT_","time":0,"msg":"wxid_enocvczwdvjd12","count":1},{"chatroom":"49580940984@chatroom","username":"_INVITE_COUNT_","time":0,"msg":"wxid_2nqhrq251sb922","count":1},{"chatroom":"21010649846@chatroom","username":"_INVITE_COUNT_","time":0,"msg":"wxid_dijah4j7syci22","count":1},{"chatroom":"24695615420@chatroom","username":"_INVITE_COUNT_","time":0,"msg":"wxid_kkj7f81zuxjn22","count":1},{"chatroom":"39188609347@chatroom","username":"_INVITE_COUNT_","time":0,"msg":"wxid_9hn0bfanw6iv22","count":1},{"chatroom":"22920168541@chatroom","username":"_INVITE_COUNT_","time":0,"msg":"wxid_5iaqnu3f2k6m21","count":6},{"chatroom":"23113233689@chatroom","username":"_INVITE_COUNT_","time":0,"msg":"lvseng358734922","count":1},{"chatroom":"20878062065@chatroom","username":"_INVITE_COUNT_","time":0,"msg":"wxid_ev4txoa8f2mm22","count":1},{"chatroom":"20170309138@chatroom","username":"_INVITE_COUNT_","time":0,"msg":"wxid_cmoy98ftgrug12","count":4},{"chatroom":"5745624744@chatroom","username":"_INVITE_COUNT_","time":0,"msg":"wxid_5iaqnu3f2k6m21","count":24},{"chatroom":"38821397891@chatroom","username":"_INVITE_COUNT_","time":0,"msg":"wxid_58jas2njr7ye22","count":1},{"chatroom":"24979368241@chatroom","username":"_INVITE_COUNT_","time":0,"msg":"wxid_0j0lrqjnwy0331","count":1},{"chatroom":"24543816291@chatroom","username":"_INVITE_COUNT_","time":0,"msg":"wxid_v1rwpx0eaotx22","count":1},{"chatroom":"34702057739@chatroom","username":"_INVITE_COUNT_","time":0,"msg":"wxid_chukn4n6xjb622","count":1},{"chatroom":"34385702391@chatroom","username":"_INVITE_COUNT_","time":0,"msg":"wxid_r9bc9niarogc22","count":1},{"chatroom":"23999082777@chatroom","username":"_INVITE_COUNT_","time":0,"msg":"martin199599","count":4},{"chatroom":"34615104790@chatroom","username":"_INVITE_COUNT_","time":0,"msg":"z_yingailaohuyou","count":1},{"chatroom":"25707201817@chatroom","username":"_INVITE_COUNT_","time":0,"msg":"wxid_v1rwpx0eaotx22","count":12},{"chatroom":"43742089638@chatroom","username":"_INVITE_COUNT_","time":0,"msg":"wxid_5iaqnu3f2k6m21","count":1},{"chatroom":"44027402373@chatroom","username":"_INVITE_COUNT_","time":0,"msg":"wxid_f8vgt55itbgw12","count":1},{"chatroom":"49349946797@chatroom","username":"_INVITE_COUNT_","time":0,"msg":"qq13595ysx","count":1},{"chatroom":"25715718060@chatroom","username":"_INVITE_COUNT_","time":0,"msg":"wxid_rdyr5ef4u0ii32","count":1},{"chatroom":"23755478446@chatroom","username":"_INVITE_COUNT_","time":0,"msg":"lizongyun386513644","count":1},{"chatroom":"24517589993@chatroom","username":"_INVITE_COUNT_","time":0,"msg":"wxid_3563585636312","count":1},{"chatroom":"43114973047@chatroom","username":"_INVITE_COUNT_","time":0,"msg":"wxid_mg2z7tv39s0t22","count":1},{"chatroom":"47627087891@chatroom","username":"_INVITE_COUNT_","time":0,"msg":"wxid_hjzgfw3rq4a022","count":1},{"chatroom":"49416288606@chatroom","username":"_INVITE_COUNT_","time":0,"msg":"wxid_ev4txoa8f2mm22","count":1},{"chatroom":"49876250997@chatroom","username":"_INVITE_COUNT_","time":0,"msg":"wxid_41kdcrol8g4412","count":1},{"chatroom":"18743867447@chatroom","username":"_INVITE_COUNT_","time":0,"msg":"wxid_ev4txoa8f2mm22","count":1},{"chatroom":"48573966937@chatroom","username":"_INVITE_COUNT_","time":0,"msg":"lail1025","count":1},{"chatroom":"39317489165@chatroom","username":"_INVITE_COUNT_","time":0,"msg":"wxid_l8kfmhj7144e21","count":3},{"chatroom":"34743389492@chatroom","username":"_INVITE_COUNT_","time":0,"msg":"Jessica-1995","count":4},{"chatroom":"18205667574@chatroom","username":"_INVITE_COUNT_","time":0,"msg":"wxid_60yap25hy8kd22","count":1},{"chatroom":"49137886602@chatroom","username":"_INVITE_COUNT_","time":0,"msg":"wxid_2lzq2w7npbvj12","count":1},{"chatroom":"39167800454@chatroom","username":"_INVITE_COUNT_","time":0,"msg":"wxid_3563585636312","count":3},{"chatroom":"8078943950@chatroom","username":"_INVITE_COUNT_","time":0,"msg":"wxid_g5u1yevnobta11","count":1},{"chatroom":"21182396032@chatroom","username":"_INVITE_COUNT_","time":0,"msg":"wxid_3563585636312","count":1},{"chatroom":"34825790087@chatroom","username":"_INVITE_COUNT_","time":0,"msg":"duanyuw","count":5},{"chatroom":"23155726401@chatroom","username":"_INVITE_COUNT_","time":0,"msg":"wxid_5iaqnu3f2k6m21","count":2},{"chatroom":"21062461559@chatroom","username":"_INVITE_COUNT_","time":0,"msg":"wxid_szfwg8mkpqir12","count":2},{"chatroom":"50288059334@chatroom","username":"_INVITE_COUNT_","time":0,"msg":"wxid_nlrcd8j7eiso22","count":3},{"chatroom":"39247202998@chatroom","username":"_INVITE_COUNT_","time":0,"msg":"wxid_5iaqnu3f2k6m21","count":1},{"chatroom":"48851889957@chatroom","username":"_INVITE_COUNT_","time":0,"msg":"wxid_bn0dca7m5mie22","count":1},{"chatroom":"24098380950@chatroom","username":"_INVITE_COUNT_","time":0,"msg":"wxid_ydtuwsjwzgt722","count":1},{"chatroom":"20661904307@chatroom","username":"_INVITE_COUNT_","time":0,"msg":"yaoshao881217","count":2},{"chatroom":"38669094090@chatroom","username":"_INVITE_COUNT_","time":0,"msg":"wxid_4662286621811","count":1},{"chatroom":"45076723226@chatroom","username":"_INVITE_COUNT_","time":0,"msg":"beachboy06","count":1},{"chatroom":"39298203858@chatroom","username":"_INVITE_COUNT_","time":0,"msg":"wxid_2h4gwh8rx99421","count":2},{"chatroom":"39290154788@chatroom","username":"_INVITE_COUNT_","time":0,"msg":"wxid_q93qftq5u1hs22","count":1},{"chatroom":"20876193912@chatroom","username":"_INVITE_COUNT_","time":0,"msg":"wxid_l2z8zxxfypsu21","count":1},{"chatroom":"18076749638@chatroom","username":"_INVITE_COUNT_","time":0,"msg":"wxid_3563585636312","count":3},{"chatroom":"49024566218@chatroom","username":"_INVITE_COUNT_","time":0,"msg":"liuxiaofen9812","count":1},{"chatroom":"47677780906@chatroom","username":"_INVITE_COUNT_","time":0,"msg":"wxid_vk2ii8zup61g22","count":1},{"chatroom":"24342916035@chatroom","username":"_INVITE_COUNT_","time":0,"msg":"martin199599","count":1},{"chatroom":"38869464693@chatroom","username":"_INVITE_COUNT_","time":0,"msg":"wxid_upv3e2r4vbz622","count":1},{"chatroom":"49382148147@chatroom","username":"_INVITE_COUNT_","time":0,"msg":"xiaoqiu920724","count":1},{"chatroom":"22674813691@chatroom","username":"_INVITE_COUNT_","time":0,"msg":"wxid_s3jxv29kxu2l22","count":1},{"chatroom":"50186155345@chatroom","username":"_INVITE_COUNT_","time":0,"msg":"wxid_rzfkn7w961522","count":1},{"chatroom":"24424313286@chatroom","username":"_INVITE_COUNT_","time":0,"msg":"wxid_7ipv37fmunj712","count":3},{"chatroom":"45866099615@chatroom","username":"_INVITE_COUNT_","time":0,"msg":"wxid_d153dh4iuwq822","count":2},{"chatroom":"25758648489@chatroom","username":"_INVITE_COUNT_","time":0,"msg":"wxid_41kdcrol8g4412","count":1},{"chatroom":"44970323139@chatroom","username":"_INVITE_COUNT_","time":0,"msg":"25984981891738494@openim","count":2},{"chatroom":"4751982747@chatroom","username":"_INVITE_COUNT_","time":0,"msg":"xiao27star","count":1},{"chatroom":"50483141687@chatroom","username":"_INVITE_COUNT_","time":0,"msg":"wxid_wv2gps88sxdo22","count":3},{"chatroom":"56556876204@chatroom","username":"_INVITE_COUNT_","time":0,"msg":"s463868153","count":1},{"chatroom":"56437076727@chatroom","username":"_INVITE_COUNT_","time":0,"msg":"wxid_x6gbofm6937f22","count":1},{"chatroom":"21107602721@chatroom","username":"_INVITE_COUNT_","time":0,"msg":"wxid_l8kfmhj7144e21","count":1},{"chatroom":"57944387152@chatroom","username":"_INVITE_COUNT_","time":0,"msg":"wxid_1519665193922","count":1},{"chatroom":"34373530462@chatroom","username":"_INVITE_COUNT_","time":0,"msg":"wxid_c9dh9gsk1d3o22","count":1},{"chatroom":"21437725693@chatroom","username":"_INVITE_COUNT_","time":0,"msg":"wxid_w0ptobl78agj12","count":1},{"chatroom":"18676803365@chatroom","username":"_INVITE_COUNT_","time":0,"msg":"fangxinglong002","count":1},{"chatroom":"52216509086@chatroom","username":"_INVITE_COUNT_","time":0,"msg":"wxid_ev4txoa8f2mm22","count":3},{"chatroom":"48667178865@chatroom","username":"_INVITE_COUNT_","time":0,"msg":"zxx_dingdang","count":4},{"chatroom":"57816988828@chatroom","username":"_INVITE_COUNT_","time":0,"msg":"wxid_ma4yqjub51f721","count":6},{"chatroom":"19822361794@chatroom","username":"_INVITE_COUNT_","time":0,"msg":"wxid_5zgryl65myxn22","count":1},{"chatroom":"47438584611@chatroom","username":"_INVITE_COUNT_","time":0,"msg":"wxid_a9dql02bv2ee22","count":1},{"chatroom":"48089164093@chatroom","username":"_INVITE_COUNT_","time":0,"msg":"wxid_strfdou7fosk22","count":2},{"chatroom":"51624422025@chatroom","username":"_INVITE_COUNT_","time":0,"msg":"ilizihao","count":1},{"chatroom":"56019589279@chatroom","username":"_INVITE_COUNT_","time":0,"msg":"wxid_ln5fbi7ghpsx12","count":1},{"chatroom":"48838894896@chatroom","username":"_INVITE_COUNT_","time":0,"msg":"wxid_3563585636312","count":1},{"chatroom":"49240584222@chatroom","username":"_INVITE_COUNT_","time":0,"msg":"wxid_mdd2t1nxul6f12","count":1},{"chatroom":"20661904307@chatroom","username":"_INVITE_COUNT_","time":0,"msg":"yaoshao881217","count":2},{"chatroom":"48074984145@chatroom","username":"_INVITE_COUNT_","time":0,"msg":"wxid_02wv0cp3vgbt12","count":1},{"chatroom":"48087981236@chatroom","username":"_INVITE_COUNT_","time":0,"msg":"wxid_gxjc8bxzf05n21","count":1},{"chatroom":"20524322630@chatroom","username":"_INVITE_COUNT_","time":0,"msg":"wxid_3563585636312","count":1},{"chatroom":"47624785247@chatroom","username":"_INVITE_COUNT_","time":0,"msg":"wxid_j0z6bqommpsb29","count":1},{"chatroom":"58079786412@chatroom","username":"_INVITE_COUNT_","time":0,"msg":"wxid_zute9nwp1fvm29","count":1},{"chatroom":"43886374173@chatroom","username":"_INVITE_COUNT_","time":0,"msg":"wxid_wp8x4url92ta22","count":1},{"chatroom":"34976402147@chatroom","username":"_INVITE_COUNT_","time":0,"msg":"wxid_3563585636312","count":1},{"chatroom":"50611745961@chatroom","username":"_INVITE_COUNT_","time":0,"msg":"wxid_ru6j8vchzl4r22","count":1},{"chatroom":"19964768033@chatroom","username":"_INVITE_COUNT_","time":0,"msg":"wxid_enezg96yd8k622","count":2},{"chatroom":"47256540934@chatroom","username":"_INVITE_COUNT_","time":0,"msg":"wxid_l6g6ei3lb59u12","count":6},{"chatroom":"53733423447@chatroom","username":"_INVITE_COUNT_","time":0,"msg":"wxid_tpnsyd00qaee22","count":3},{"chatroom":"47363576992@chatroom","username":"_INVITE_COUNT_","time":0,"msg":"wxid_5st5uzgmabzg12","count":1},{"chatroom":"45251126454@chatroom","username":"_INVITE_COUNT_","time":0,"msg":"wxid_qoir214mt7s122","count":1},{"chatroom":"52092115848@chatroom","username":"_INVITE_COUNT_","time":0,"msg":"wxid_gwl82rpzgzon22","count":1},{"chatroom":"43923020007@chatroom","username":"_INVITE_COUNT_","time":0,"msg":"wxid_qoir214mt7s122","count":1},{"chatroom":"49220897723@chatroom","username":"_INVITE_COUNT_","time":0,"msg":"25984983998091298@openim","count":1},{"chatroom":"50456266407@chatroom","username":"_INVITE_COUNT_","time":0,"msg":"wxid_zthvpbzh0ecs22","count":1},{"chatroom":"43489331860@chatroom","username":"_INVITE_COUNT_","time":0,"msg":"wxid_49d369uht3e422","count":1},{"chatroom":"47598898025@chatroom","username":"_INVITE_COUNT_","time":0,"msg":"wxid_nnzrkqr31lft22","count":1},{"chatroom":"23831696459@chatroom","username":"_INVITE_COUNT_","time":0,"msg":"wxid_xyem3w3xvq9022","count":1},{"chatroom":"48666753364@chatroom","username":"_INVITE_COUNT_","time":0,"msg":"wxid_fkp1q5loybeu22","count":1},{"chatroom":"52665718758@chatroom","username":"_INVITE_COUNT_","time":0,"msg":"wxid_ev4txoa8f2mm22","count":1},{"chatroom":"45822003020@chatroom","username":"_INVITE_COUNT_","time":0,"msg":"wxid_ev4txoa8f2mm22","count":1},{"chatroom":"45627408937@chatroom","username":"_INVITE_COUNT_","time":0,"msg":"wxid_z2ffcm6sierl11","count":1},{"chatroom":"56435193517@chatroom","username":"_INVITE_COUNT_","time":0,"msg":"wxid_3563585636312","count":1},{"chatroom":"46184699225@chatroom","username":"_INVITE_COUNT_","time":0,"msg":"wxid_ub5o2diq8ax822","count":1},{"chatroom":"53347713081@chatroom","username":"_INVITE_COUNT_","time":0,"msg":"wxid_jygyrnnujw7821","count":1},{"chatroom":"47614502400@chatroom","username":"_INVITE_COUNT_","time":0,"msg":"wxid_5spxpewvgp2212","count":1},{"chatroom":"34632876255@chatroom","username":"_INVITE_COUNT_","time":0,"msg":"caocaocao0101","count":3},{"chatroom":"47847882004@chatroom","username":"_INVITE_COUNT_","time":0,"msg":"wxid_nnzrkqr31lft22","count":1},{"chatroom":"34978577831@chatroom","username":"_INVITE_COUNT_","time":0,"msg":"yejia460071768","count":1},{"chatroom":"57179688404@chatroom","username":"_INVITE_COUNT_","time":0,"msg":"vip858610333","count":94},{"chatroom":"43254736883@chatroom","username":"_INVITE_COUNT_","time":0,"msg":"wxid_wtf36sbikv1c22","count":1},{"chatroom":"53478521264@chatroom","username":"_INVITE_COUNT_","time":0,"msg":"wxid_pw4ta04mx1m212","count":1},{"chatroom":"44253533413@chatroom","username":"_INVITE_COUNT_","time":0,"msg":"wxid_vpaoaigu66f022","count":2},{"chatroom":"44998620459@chatroom","username":"_INVITE_COUNT_","time":0,"msg":"wxid_6x9pxrmahg7822","count":1},{"chatroom":"56061400024@chatroom","username":"_INVITE_COUNT_","time":0,"msg":"wxid_m2ix7tb34vz322","count":2},{"chatroom":"56212000055@chatroom","username":"_INVITE_COUNT_","time":0,"msg":"qyl276","count":7},{"chatroom":"52427234035@chatroom","username":"_INVITE_COUNT_","time":0,"msg":"wxid_ykvjf6xltnc522","count":1},{"chatroom":"49504355544@chatroom","username":"_INVITE_COUNT_","time":0,"msg":"wxid_cetqj3e17tuz22","count":1},{"chatroom":"43440139463@chatroom","username":"_INVITE_COUNT_","time":0,"msg":"yejia460071768","count":3},{"chatroom":"34985237410@chatroom","username":"_INVITE_COUNT_","time":0,"msg":"k1186220870","count":2},{"chatroom":"52391824255@chatroom","username":"_INVITE_COUNT_","time":0,"msg":"wxid_l2z8zxxfypsu21","count":1},{"chatroom":"48809393783@chatroom","username":"_INVITE_COUNT_","time":0,"msg":"wxid_ryepw5z7e7m522","count":1},{"chatroom":"50212571968@chatroom","username":"_INVITE_COUNT_","time":0,"msg":"wxid_5il88xzjyzk322","count":1},{"chatroom":"45469729105@chatroom","username":"_INVITE_COUNT_","time":0,"msg":"wxid_ik52tk51i5jh29","count":1},{"chatroom":"47817398699@chatroom","username":"_INVITE_COUNT_","time":0,"msg":"25984984742440410@openim","count":26},{"chatroom":"53475127033@chatroom","username":"_INVITE_COUNT_","time":0,"msg":"wxid_46f0l32m5c3l22","count":1},{"chatroom":"58156287869@chatroom","username":"_INVITE_COUNT_","time":0,"msg":"wxid_46f0l32m5c3l22","count":1},{"chatroom":"57487494557@chatroom","username":"_INVITE_COUNT_","time":0,"msg":"wxid_g8tw1xapzbq622","count":1},{"chatroom":"51904637083@chatroom","username":"_INVITE_COUNT_","time":0,"msg":"wxid_eh5443zlmwum22","count":1},{"chatroom":"47902908399@chatroom","username":"_INVITE_COUNT_","time":0,"msg":"wxid_wv2gps88sxdo22","count":1},{"chatroom":"50381355214@chatroom","username":"_INVITE_COUNT_","time":0,"msg":"wxid_wfxmty3xonyk22","count":1},{"chatroom":"43316743252@chatroom","username":"_INVITE_COUNT_","time":0,"msg":"wxid_yt15jpwley8e22","count":1},{"chatroom":"52896327200@chatroom","username":"_INVITE_COUNT_","time":0,"msg":"wxid_4947819475814","count":11},{"chatroom":"43518632399@chatroom","username":"_INVITE_COUNT_","time":0,"msg":"wxid_6q5jsqtzu73522","count":13},{"chatroom":"52728637720@chatroom","username":"_INVITE_COUNT_","time":0,"msg":"wxid_592ybwl3q8xr22","count":1},{"chatroom":"49163105366@chatroom","username":"_INVITE_COUNT_","time":0,"msg":"Anbing0301","count":1},{"chatroom":"46225307859@chatroom","username":"_INVITE_COUNT_","time":0,"msg":"wxid_7s5110mwumn722","count":1},{"chatroom":"57915005467@chatroom","username":"_INVITE_COUNT_","time":0,"msg":"wxid_41n31qrc736922","count":1},{"chatroom":"50211485668@chatroom","username":"_INVITE_COUNT_","time":0,"msg":"wxid_dvdvkijw7pry12","count":1},{"chatroom":"52170727986@chatroom","username":"_INVITE_COUNT_","time":0,"msg":"wxid_5ovfy6a58iyd21","count":1},{"chatroom":"47520803917@chatroom","username":"_INVITE_COUNT_","time":0,"msg":"wxid_bvogit9z9qri22","count":1},{"chatroom":"57429096461@chatroom","username":"_INVITE_COUNT_","time":0,"msg":"wxid_24yhmft4a3au22","count":1},{"chatroom":"47825802287@chatroom","username":"_INVITE_COUNT_","time":0,"msg":"wxid_knkxn7mwizwr19","count":1},{"chatroom":"47485740891@chatroom","username":"_INVITE_COUNT_","time":0,"msg":"wxid_f3cgguoofwfj22","count":1},{"chatroom":"49550593931@chatroom","username":"_INVITE_COUNT_","time":0,"msg":"wxid_hj8e7evx21eu22","count":1},{"chatroom":"52763225011@chatroom","username":"_INVITE_COUNT_","time":0,"msg":"wxid_9hkey5u03yd722","count":1},{"chatroom":"48173277854@chatroom","username":"_INVITE_COUNT_","time":0,"msg":"wxid_wmcjg3wdtoqm22","count":1},{"chatroom":"52224031999@chatroom","username":"_INVITE_COUNT_","time":0,"msg":"wxid_6ub8exklygf322","count":1},{"chatroom":"22494457152@chatroom","username":"_INVITE_COUNT_","time":0,"msg":"wxid_lqtv1ti8wg4a22","count":1},{"chatroom":"45675526863@chatroom","username":"_INVITE_COUNT_","time":0,"msg":"yuanmengmengyuan","count":2},{"chatroom":"49123089481@chatroom","username":"_INVITE_COUNT_","time":0,"msg":"wxid_e67jwtaq5v8k29","count":1},{"chatroom":"35012706554@chatroom","username":"_INVITE_COUNT_","time":0,"msg":"EEu1641284221","count":1},{"chatroom":"50284161079@chatroom","username":"_INVITE_COUNT_","time":0,"msg":"wxid_7s5110mwumn722","count":1},{"chatroom":"10849154588@chatroom","username":"_INVITE_COUNT_","time":0,"msg":"wxid_vn3hrvunejqm22","count":1}],"chatroom_checkin":[],"autoresponse":[],"blacklist":[],"real_name_db":[]}